Workbook

Sheet Parametros
A1: Métricas de la inspección Fagan — Parámetros de la sesión
A2: PE4 Unidad IV · ISR-401 · Sistema SIMPA · ERS v3.0 (Entrega 2A) · Equipo EHQ
A4: Parámetro | B4: Valor | C4: Origen / observación
A5: Documento inspeccionado | B5: ERS SIMPA v3.0 | C5: Entrega 2A del PFC
A6: Alcance | B6: §2, §3 y §4.1–4.2 | C6: Descripción general, requisitos específicos y casos de uso
A7: Páginas efectivas inspeccionadas | B7: 40 | C7: Páginas 12 a 51 del ERS base
A8: Fecha de la inspección | B8: 04/08/2026 | C8: Reunión 10:00–11:25
A9: Duración de la reunión (minutos) | B9: 85 | C9: Máximo permitido por la guía: 90
A10: Número de inspectores (roles) | B10: 4 | C10: Moderadora, Lectora, Inspector 1, Inspector 2 (rotativo)
A11: Integrantes del equipo | B11: 3 | C11: El cuarto rol es rotativo (criterio A3)
A12: Reportes individuales de preparación | B12: 28 | C12: Suma de las cuatro copias del Anexo A
A13: Defectos únicos consolidados | B13: 16 | C13: Anexo B — registro consolidado
A15: Las celdas en amarillo de las demás hojas son entradas editables; el resto son fórmulas.

Sheet Defectos
A1: Base de cálculo — 16 defectos consolidados
A3: Defecto | B3: Tipo | C3: Severidad | D3: Requisito afectado | E3: Estado
A4: D-01 | B4: Ambigüedad | C4: Mayor | D4: RF-23 | E4: Corregido en v3.1
A5: D-02 | B5: Consistencia | C5: Mayor | D5: RF-27, RF-38 | E5: Corregido en v3.1
A6: D-03 | B6: Completitud | C6: Menor | D6: RNF-08 | E6: Diferido a Entrega 4
A7: D-04 | B7: Verificabilidad | C7: Mayor | D7: RF-08 | E7: Corregido en v3.1
A8: D-05 | B8: Trazabilidad | C8: Crítico | D8: RF-11, RF-23, RF-25, RF-32, RF-33, RF-34 | E8: Corregido en v3.1
A9: D-06 | B9: Completitud | C9: Mayor | D9: RF-01 | E9: Corregido en v3.1
A10: D-07 | B10: Consistencia | C10: Crítico | D10: RD-02, RD-05 | E10: Corregido en v3.1
A11: D-08 | B11: Ambigüedad | C11: Mayor | D11: RF-15, RL-03 | E11: Corregido en v3.1
A12: D-09 | B12: Trazabilidad | C12: Mayor | D12: CU-06 | E12: Corregido en v3.1
A13: D-10 | B13: Completitud | C13: Menor | D13: RF-36 | E13: Diferido a Entrega 4
A14: D-11 | B14: Factibilidad | C14: Mayor | D14: RF-10, RF-21 | E14: Corregido en v3.1
... A19: D-16 | B19: Factibilidad | C19: Menor | D19: L-09 | E19: Diferido a Entrega 4
A21: Fuente: Anexo B (AnexoB_registro_defectos.xlsx). Esta hoja alimenta todas las métricas del libro.

Sheet Por_tipo
A1: Distribución de defectos por tipo (ISO/IEC/IEEE 29148:2018, §6.4)
A3: Tipo de defecto | B3: N.º de defectos | C3: % del total
A4: Ambigüedad | B4: =COUNTIF(Defectos!$B$4:$B$19,A4) -> 2 | C4: =B4/$B$10 -> 0.125
A5: Completitud | B5: =COUNTIF(Defectos!$B$4:$B$19,A5) -> 4 | C5: =B5/$B$10 -> 0.25
A6: Consistencia | B6: =COUNTIF(Defectos!$B$4:$B$19,A6) -> 2 | C6: =B6/$B$10 -> 0.125
A7: Verificabilidad | B7: =COUNTIF(Defectos!$B$4:$B$19,A7) -> 3 | C7: =B7/$B$10 -> 0.1875
A8: Trazabilidad | B8: =COUNTIF(Defectos!$B$4:$B$19,A8) -> 3 | C8: =B8/$B$10 -> 0.1875
A9: Factibilidad | B9: =COUNTIF(Defectos!$B$4:$B$19,A9) -> 2 | C9: =B9/$B$10 -> 0.125
A10: Total | B10: =SUM(B4:B9) -> 16 | C10: =SUM(C4:C9) -> 1
A12: Interpretación: el tipo dominante es Completitud (omisiones puntuales de caso borde: batería, tarifas traslapadas, perfiles sensoriales), no errores estructurales del documento.

Sheet Por_severidad
A1: Distribución de defectos por severidad
A3: Severidad | B3: N.º de defectos | C3: % del total | D3: Criterio de corrección
A4: Crítico | B4: =COUNTIF(Defectos!$C$4:$C$19,A4) -> 3 | C4: =B4/$B$7 -> 0.1875 | D4: Corrección obligatoria antes de la línea base
A5: Mayor | B5: =COUNTIF(Defectos!$C$4:$C$19,A5) -> 8 | C5: =B5/$B$7 -> 0.5 | D5: Corrección obligatoria antes de la línea base
A6: Menor | B6: =COUNTIF(Defectos!$C$4:$C$19,A6) -> 5 | C6: =B6/$B$7 -> 0.3125 | D6: Diferimiento admitido con justificación escrita
A7: Total | B7: =SUM(B4:B6) -> 16 | C7: =SUM(C4:C6) -> 1
A9: Interpretación: los tres defectos críticos comparten un patrón —relaciones no resueltas entre requisitos (RD–RD, RNF–RF)— y no errores locales de redacción.

Sheet Por_inspector
A1: Tasa de detección por inspector
A3: Inspector | B3: Rol | C3: Horas de preparación individual | D3: Defectos reportados en preparación | E3: Hallazgos únicos aportados | F3: Tasa de detección (def./hora) | G3: % de aporte al registro consolidado
A4: Escudero Plaza María del Rosario | B4: Moderadora | C4: 1.5 | D4: 7 | E4: 5 | F4: =D4/C4 -> 4.6666667 | G4: =E4/$E$8 -> 0.3125
A5: Huilcapi León Denisses Fabiola | B5: Lectora | C5: 1.25 | D5: 6 | E5: 3 | F5: =D5/C5 -> 4.8 | G5: =E5/$E$8 -> 0.1875
A6: Quintero Gende Erick Jahir | B6: Inspector 1 | C6: 1.75 | D6: 8 | E6: 5 | F6: =D6/C6 -> 4.5714286 | G6: =E6/$E$8 -> 0.3125
A7: Escudero Plaza María del Rosario | B7: Inspector 2 (rotativo) | C7: 1 | D7: 7 | E7: 3 | F7: =D7/C7 -> 7 | G7: =E7/$E$8 -> 0.1875
A8: Totales | C8: =SUM(C4:C7) -> 5.5 | D8: =SUM(D4:D7) -> 28 | E8: =SUM(E4:E7) -> 16 | F8: =D8/C8 -> 5.0909091 | G8: =SUM(G4:G7) -> 1
A10: Interpretación: los cuatro roles superan el mínimo de 6 defectos exigido en preparación. La mayor tasa de detección del Inspector 2 se explica por la familiaridad previa con el documento (segunda pasada de la misma integrante), no por mayor cobertura; su aporte único es, de hecho, el más bajo junto con el de la Lectora.
A11: Celdas amarillas: horas y conteos tomados de las copias firmadas del Anexo A (AnexoA_checklists.pdf).

Sheet Esfuerzo
A1: Esfuerzo total de la inspección (horas-persona)
A3: Actividad | B3: Participantes | C3: Horas por participante | D3: Horas-persona | E3: Observación
A4: Planificación (asignación de roles y alcance) | B4: 1 | C4: 0.5 | D4: =B4*C4 -> 0.5 | E4: Ejecutada por la Moderadora
A5: Preparación individual — Moderadora | B5: 1 | C5: 1.5 | D5: =B5*C5 -> 1.5 | E5: Copia A.1 del Anexo A
A6: Preparación individual — Lectora | B6: 1 | C6: 1.25 | D6: =B6*C6 -> 1.25 | E6: Copia A.2 del Anexo A
A7: Preparación individual — Inspector 1 | B7: 1 | C7: 1.75 | D7: =B7*C7 -> 1.75 | E7: Copia A.3 del Anexo A
A8: Preparación individual — Inspector 2 (rotativo) | B8: 1 | C8: 1 | D8: =B8*C8 -> 1 | E8: Copia A.4 del Anexo A
A9: Reunión de inspección (85 min) | B9: 3 | C9: =Parametros!B9/60 -> 1.4166667 | D9: =B9*C9 -> 4.25 | E9: Asisten los tres integrantes; duración tomada de Parametros!B9 (85 min)
A10: Consolidación del registro y eliminación de duplicados | B10: 1 | C10: 0.25 | D10: =B10*C10 -> 0.25 | E10: Ejecutada por la Moderadora
A11: Esfuerzo total | D11: =SUM(D4:D10) -> 10.5
A13: Costo por defecto único detectado (horas-persona) | D13: =D11/Por_tipo!B10 -> 0.65625
A14: Costo estimado de las RFC generadas (RFC-01 + RFC-02, horas-persona) | D14: 34
A15: Relación esfuerzo evitado / esfuerzo invertido | D15: =(D14+8)/D11 -> 4
A17: Interpretación: 10,5 horas-persona de inspección frente a 42 horas-persona de retrabajo canalizadas por las tres RFC (21 + 13 + 8): aproximadamente cuatro horas de retrabajo posterior por cada hora de inspección invertida.

Sheet Resumen_metricas
A1: Resumen de métricas de inspección e interpretación
A3: Métrica | B3: Fórmula aplicada | C3: Valor | D3: Interpretación (qué dice del ERS)
A4: Densidad de defectos | B4: Defectos únicos / páginas efectivas | C4: =Por_tipo!B10/Parametros!B7 -> 0.4 | D4: 0,40 def./pág.: densidad moderada-alta para un documento en su tercera entrega; la revisión docente previa no agotó los defectos de fondo, sobre todo los de consistencia entre restricciones.
A5: Tipo dominante | B5: Máximo de la distribución por tipo | C5: =MAX(Por_tipo!B4:B9) -> 4 | D5: Completitud (4 de 16): predominan omisiones de caso borde y no errores estructurales del documento.
A6: Proporción de defectos críticos | B6: Críticos / total | C6: =Por_severidad!B4/Por_severidad!B7 -> 0.1875 | D6: 18,8 %: los tres críticos son relaciones no resueltas entre requisitos ya aprobados (RD–RD, RNF–RF).
A7: Proporción de críticos y mayores | B7: (Críticos + mayores) / total | C7: =(Por_severidad!B4+Por_severidad!B5)/Por_severidad!B7 -> 0.6875 | D7: 68,8 %: la mayoría de los hallazgos exigía corrección antes de publicar la línea base.
A8: Redundancia entre inspectores | B8: (Reportes individuales − únicos) / reportes individuales | C8: =(Parametros!B12-Por_tipo!B10)/Parametros!B12 -> 0.42857143 | D8: 42,9 % de solapamiento: cobertura adecuada del alcance sin una redundancia que sugiera falta de independencia entre inspectores.
A9: Esfuerzo total | B9: Suma de horas-persona | C9: =Esfuerzo!D11 -> 10.5 | D9: 10,5 horas-persona: costo contenido frente al retrabajo evitado en la Entrega 4.
A10: Costo por defecto detectado | B10: Esfuerzo total / defectos únicos | C10: =Esfuerzo!D13 -> 0.65625 | D10: 0,66 horas-persona por defecto: la inspección formal resulta rentable en documentos de este tamaño.
A11: Tasa de corrección de críticos y mayores | B11: Corregidos / (críticos + mayores) | C11: =COUNTIF(Defectos!E4:E19,"Corregido en v3.1")/(Por_severidad!B4+Por_severidad!B5) -> 1 | D11: 100 %: se cumple la exigencia de la guía; los cinco menores quedan diferidos con justificación escrita.
A12: Tasa de corrección global | B12: Corregidos / total de defectos | C12: =COUNTIF(Defectos!E4:E19,"Corregido en v3.1")/Por_tipo!B10 -> 0.6875 | D12: 68,8 %: el 31,2 % restante corresponde a defectos menores que requieren decisión de negocio.
A14: Todas las celdas de la columna Valor son fórmulas encadenadas a las hojas Defectos, Por_tipo, Por_severidad y Esfuerzo: al editar el registro base, las métricas y sus porcentajes se recalculan.

Sheet Volatilidad
A1: Volatilidad de requisitos tras la inspección y el CCB (v3.0 → v3.1)
A3: Concepto | B3: Cantidad | C3: Detalle
A4: Requisitos vigentes en el ERS v3.0 (base) | B4: 75 | C4: 39 RF + 18 RNF + 10 RD + 8 RL (conteo del ERS v3.0; ajustar si cambia el documento base)
A5: Requisitos añadidos | B5: 2 | C5: RF-40 (RFC-01, modo degradado) y RD-11 (RFC-03, purga de geolocalización)
A6: Requisitos modificados | B6: 8 | C6: RF-01, RF-08, RF-14, RF-23, RF-27, RD-05, RL-03 y RNF-11
A7: Requisitos eliminados | B7: 0 | C7: Ninguno
A9: Volatilidad del período (añadidos + modificados + eliminados) / vigentes | B9: =(B5+B6+B7)/B4 -> 0.13333333
A10: Volatilidad atribuible solo a las RFC del CCB | B10: =(B5+2)/B4 -> 0.053333333 | C10: RF-40 y RD-11 añadidos; RD-05 y RNF-11 modificados por RFC-01 y RFC-02
A11: Requisitos vigentes en el ERS v3.1 | B11: =B4+B5-B7 -> 77
A13: Interpretación: una volatilidad cercana al 13 % en un solo ciclo de validación es alta en términos absolutos, pero se explica por la naturaleza del período (primera inspección formal del documento) y no por inestabilidad del alcance: ninguna modificación proviene de un cambio de necesidad del cliente y solo el 5,3 % corresponde a RFC tramitadas ante el CCB.
